{
  "gini_coefficient": {
    "correlation": 0.18264526700708766,
    "lda_mean": 0.7335089322799097,
    "bert_mean": 0.8463791286681717,
    "lda_std": 0.09842896260587942,
    "bert_std": 0.03481535484600929,
    "mean_difference": 0.11287019638826201
  },
  "shannon_entropy": {
    "correlation": 0.25549456115615626,
    "lda_mean": 1.8946265079006774,
    "bert_mean": 0.8156969255079007,
    "lda_std": 0.5765036454972327,
    "bert_std": 0.39355458966163037,
    "mean_difference": -1.0789295823927767
  },
  "top1_ratio": {
    "correlation": 0.1915014387965767,
    "lda_mean": 0.5322611241534988,
    "bert_mean": 0.8584189819413093,
    "lda_std": 0.17487837280775248,
    "bert_std": 0.10835072407379849,
    "mean_difference": 0.3261578577878105
  }
}