{
  "gini_coefficient": {
    "correlation": 0.16107557171477052,
    "lda_mean": 0.6728320200507887,
    "bert_mean": 0.4101250315614694,
    "lda_std": 0.08812453072322848,
    "bert_std": 0.3599342069789408,
    "mean_difference": -0.2627069884893193
  },
  "shannon_entropy": {
    "correlation": -0.033021316469294175,
    "lda_mean": 0.6165774729031845,
    "bert_mean": 0.06611089254147233,
    "lda_std": 0.29352220444116944,
    "bert_std": 0.19875778862877722,
    "mean_difference": -0.5504665803617123
  },
  "top1_ratio": {
    "correlation": 0.13258461465146773,
    "lda_mean": 0.754216811112184,
    "bert_mean": 0.5365517852934744,
    "lda_std": 0.15969589822094155,
    "bert_std": 0.4766809571853057,
    "mean_difference": -0.2176650258187096
  }
}