{
  "gini_coefficient": {
    "correlation": 0.04393208736082025,
    "lda_mean": 0.6719669187358915,
    "bert_mean": 0.8182961580135439,
    "lda_std": 0.13801936623624897,
    "bert_std": 0.027922106165817008,
    "mean_difference": 0.1463292392776524
  },
  "shannon_entropy": {
    "correlation": 0.016199489607434052,
    "lda_mean": 1.51674453724605,
    "bert_mean": 0.4410225349887134,
    "lda_std": 0.6872603188140367,
    "bert_std": 0.26106669114541564,
    "mean_difference": -1.0757220022573366
  },
  "top1_ratio": {
    "correlation": -0.04701471314956211,
    "lda_mean": 0.5757002979683973,
    "bert_mean": 0.9254060654627541,
    "lda_std": 0.22276206188641814,
    "bert_std": 0.08216435068430548,
    "mean_difference": 0.3497057674943568
  }
}