{
  "gini_coefficient": {
    "correlation": 0.09494531437529517,
    "lda_mean": 0.8990881112500666,
    "bert_mean": 0.8779828119229274,
    "lda_std": 0.06325338789530827,
    "bert_std": 0.08394164878794395,
    "mean_difference": -0.021105299327139226
  },
  "shannon_entropy": {
    "correlation": 0.14071323037991734,
    "lda_mean": 0.34120584650197916,
    "bert_mean": 0.82661556902679,
    "lda_std": 0.4199445447764999,
    "bert_std": 0.6754359909679291,
    "mean_difference": 0.48540972252481085
  },
  "top1_ratio": {
    "correlation": 0.14645130129495806,
    "lda_mean": 0.8484769815877388,
    "bert_mean": 0.6665270597806622,
    "lda_std": 0.19506391670388692,
    "bert_std": 0.2600137320803146,
    "mean_difference": -0.1819499218070766
  }
}