{
  "gini_coefficient": {
    "correlation": 0.03492343310034511,
    "lda_mean": 0.693519480812641,
    "bert_mean": 0.8611671918735893,
    "lda_std": 0.04947337275597861,
    "bert_std": 0.027926922004071132,
    "mean_difference": 0.16764771106094822
  },
  "shannon_entropy": {
    "correlation": -0.012178355124680027,
    "lda_mean": 2.2101759322799093,
    "bert_mean": 0.7287308126410836,
    "lda_std": 0.23905836157898344,
    "bert_std": 0.33645264994366125,
    "mean_difference": -1.4814451196388256
  },
  "top1_ratio": {
    "correlation": 0.0013016214297969246,
    "lda_mean": 0.4182635191873589,
    "bert_mean": 0.8625516907449209,
    "lda_std": 0.07972414037433496,
    "bert_std": 0.11832199610886791,
    "mean_difference": 0.444288171557562
  }
}